{
    "data": {
        "matchResults": {
            "items": [
                {
                    "__typename": "MatchResult",
                    "id": "718a85bf-9821-4627-8cbb-c5d42b2e12d1",
                    "score": 65,
                    "pitchAngle": 0.2668870687484741,
                    "yawAngle": 16.43575096130371,
                    "rollAngle": 6.023667812347412,
                    "faceMaskConfidence": -3817,
                    "faceArea": 0.08510703593492508,
                    "faceAreaChange": -0.014731034636497498,
                    "noseTipConfidence": 9770.5078125,
                    "facesOnFrameCount": 1,
                    "templateQuality": 172,
                    "watchlistDisplayName": "Employees",
                    "watchlistMemberDisplayName": "J\u00E1n Herceg",
                    "watchlistMemberFullName": "J\u00E1n Herceg",
                    "previewColor": "#ffffff",
                    "genericObject": null,
                    "face": {
                        "processedAt": "2024-12-02T16:19:53.456Z",
                        "age": 34.66588592529297,
                        "id": "384af733-33ed-4e4b-8eab-facfa7a4a921",
                        "faceMaskStatus": "NO_MASK",
                        "faceOrder": 1,
                        "gender": -3031.812744140625,
                        "genderFormatted": "MALE",
                        "imageDataId": "14dcac1c-a77d-40bd-84b9-39d3d91abdcd",
                        "quality": 3106,
                        "size": 49.411617279052734,
                        "pitchAngle": 0.2668870687484741,
                        "yawAngle": 16.43575096130371,
                        "rollAngle": 6.023667812347412,
                        "faceMaskConfidence": -3817,
                        "faceArea": 0.08510703593492508,
                        "faceAreaChange": -0.014731034636497498,
                        "noseTipConfidence": 9770.5078125,
                        "templateQuality": 172,
                        "facesOnFrameCount": 1,
                        "cropLeftTopX": 121.31073760986328,
                        "cropLeftTopY": 0,
                        "cropRightTopX": 236.39683532714844,
                        "cropRightTopY": 0,
                        "cropLeftBottomX": 121.31073760986328,
                        "cropLeftBottomY": 119.99687194824219,
                        "cropRightBottomX": 236.39683532714844,
                        "cropRightBottomY": 119.99687194824219,
                        "pedestrian": null,
                        "spoofCheckResult": null,
                        "__typename": "Face"
                    },
                    "watchlistId": "0d3b0376-b94a-4195-bbce-980ee2e61a67",
                    "watchlist": {
                        "id": "0d3b0376-b94a-4195-bbce-980ee2e61a67",
                        "displayName": "Employees",
                        "fullName": "Employes",
                        "previewColor": "#ffffff",
                        "__typename": "Watchlist"
                    },
                    "watchlistMember": {
                        "displayName": "J\u00E1n Herceg",
                        "fullName": "J\u00E1n Herceg",
                        "note": "",
                        "id": "94",
                        "labels": [],
                        "tracklet": {
                            "faces": [
                                {
                                    "type": "REGULAR",
                                    "imageDataId": "f85fa484-576a-4da9-9fd6-103fba0e696f",
                                    "createdAt": "2024-10-30T13:54:53.902Z",
                                    "__typename": "Face"
                                }
                            ],
                            "__typename": "Tracklet"
                        },
                        "__typename": "WatchlistMember"
                    },
                    "trackletId": "3e0e57d4-96f0-4652-bc64-624994f15ee5",
                    "frame": {
                        "id": "8edc4353-d154-4bcc-864c-0000706ef979",
                        "imageDataId": null,
                        "__typename": "Frame"
                    },
                    "stream": {
                        "id": "e6ed3533-c269-4d82-9729-61050a54349f",
                        "name": "Edge-CAM-7KL",
                        "edgeStreams": [
                            {
                                "id": "e6ed3533-c269-4d82-9729-61050a54349f",
                                "__typename": "EdgeStream"
                            }
                        ],
                        "videoRecords": [],
                        "cameras": [],
                        "__typename": "Stream"
                    }
                }
            ],
            "__typename": "MatchResultCollectionSegment"
        }
    }
}